{"max_horizontal_stride": 357, "hs_ratio": 0.6087258058316422, "mhs_frame": 29, "max_virtical_stride": 395, "vs_ratio": 0.7065357663219066, "mvs_frame": 94}