{"max_horizontal_stride": 105, "hs_ratio": 0.4124159272858806, "mhs_frame": 280, "max_virtical_stride": 200, "vs_ratio": 0.7755695631262881, "mvs_frame": 113}