{"max_horizontal_stride": 169, "hs_ratio": 0.6355000183975582, "mhs_frame": 104, "max_virtical_stride": 157, "vs_ratio": 0.605128953704986, "mvs_frame": 133}